city,platform_type,month,avg_weekly_income,season_factor,synthetic
Bengaluru,delivery,1,4984,1.047,true
Bengaluru,delivery,2,5224,1.098,true
Bengaluru,delivery,3,4288,0.901,true
Bengaluru,delivery,4,4430,0.931,true
Bengaluru,delivery,5,3917,0.823,true
Bengaluru,delivery,6,4457,0.937,true
Bengaluru,delivery,7,4601,0.967,true
Bengaluru,delivery,8,4851,1.02,true
Bengaluru,delivery,9,5110,1.074,true
Bengaluru,delivery,10,5099,1.072,true
Bengaluru,delivery,11,5129,1.078,true
Bengaluru,delivery,12,5007,1.052,true
Bengaluru,freelance,1,4077,0.919,true
Bengaluru,freelance,2,4078,0.92,true
Bengaluru,freelance,3,3971,0.896,true
Bengaluru,freelance,4,3968,0.895,true
Bengaluru,freelance,5,4308,0.972,true
Bengaluru,freelance,6,3741,0.844,true
Bengaluru,freelance,7,4206,0.949,true
Bengaluru,freelance,8,4868,1.098,true
Bengaluru,freelance,9,5473,1.234,true
Bengaluru,freelance,10,4672,1.054,true
Bengaluru,freelance,11,4601,1.038,true
Bengaluru,freelance,12,5248,1.184,true
Bengaluru,ride_hailing,1,6540,1.044,true
Bengaluru,ride_hailing,2,6539,1.044,true
Bengaluru,ride_hailing,3,5192,0.829,true
Bengaluru,ride_hailing,4,6568,1.049,true
Bengaluru,ride_hailing,5,5604,0.895,true
Bengaluru,ride_hailing,6,6083,0.971,true
Bengaluru,ride_hailing,7,7149,1.141,true
Bengaluru,ride_hailing,8,6149,0.982,true
Bengaluru,ride_hailing,9,5734,0.915,true
Bengaluru,ride_hailing,10,6546,1.045,true
Bengaluru,ride_hailing,11,6624,1.057,true
Bengaluru,ride_hailing,12,6438,1.028,true
Chennai,delivery,1,4043,0.938,true
Chennai,delivery,2,3859,0.896,true
Chennai,delivery,3,4509,1.046,true
Chennai,delivery,4,4032,0.936,true
Chennai,delivery,5,3863,0.897,true
Chennai,delivery,6,4072,0.945,true
Chennai,delivery,7,4702,1.091,true
Chennai,delivery,8,4257,0.988,true
Chennai,delivery,9,4504,1.045,true
Chennai,delivery,10,4724,1.096,true
Chennai,delivery,11,4743,1.101,true
Chennai,delivery,12,4398,1.021,true
Chennai,freelance,1,3324,0.831,true
Chennai,freelance,2,4559,1.139,true
Chennai,freelance,3,3708,0.927,true
Chennai,freelance,4,3832,0.958,true
Chennai,freelance,5,2834,0.708,true
Chennai,freelance,6,3604,0.901,true
Chennai,freelance,7,4051,1.012,true
Chennai,freelance,8,4223,1.055,true
Chennai,freelance,9,3971,0.992,true
Chennai,freelance,10,5054,1.263,true
Chennai,freelance,11,4383,1.095,true
Chennai,freelance,12,4482,1.12,true
Chennai,ride_hailing,1,5592,0.989,true
Chennai,ride_hailing,2,5716,1.011,true
Chennai,ride_hailing,3,5207,0.921,true
Chennai,ride_hailing,4,4964,0.878,true
Chennai,ride_hailing,5,4868,0.861,true
Chennai,ride_hailing,6,5672,1.003,true
Chennai,ride_hailing,7,5800,1.025,true
Chennai,ride_hailing,8,6441,1.139,true
Chennai,ride_hailing,9,5078,0.898,true
Chennai,ride_hailing,10,6812,1.204,true
Chennai,ride_hailing,11,5942,1.051,true
Chennai,ride_hailing,12,5783,1.022,true
Hyderabad,delivery,1,4440,1.018,true
Hyderabad,delivery,2,4091,0.938,true
Hyderabad,delivery,3,4677,1.073,true
Hyderabad,delivery,4,3843,0.881,true
Hyderabad,delivery,5,3449,0.791,true
Hyderabad,delivery,6,4197,0.963,true
Hyderabad,delivery,7,3948,0.906,true
Hyderabad,delivery,8,5161,1.184,true
Hyderabad,delivery,9,4093,0.939,true
Hyderabad,delivery,10,5006,1.148,true
Hyderabad,delivery,11,4891,1.122,true
Hyderabad,delivery,12,4523,1.037,true
Hyderabad,freelance,1,3786,0.942,true
Hyderabad,freelance,2,4203,1.046,true
Hyderabad,freelance,3,3873,0.964,true
Hyderabad,freelance,4,3607,0.897,true
Hyderabad,freelance,5,4357,1.084,true
Hyderabad,freelance,6,3218,0.801,true
Hyderabad,freelance,7,3848,0.957,true
Hyderabad,freelance,8,3973,0.989,true
Hyderabad,freelance,9,3769,0.938,true
Hyderabad,freelance,10,4519,1.124,true
Hyderabad,freelance,11,4387,1.092,true
Hyderabad,freelance,12,4689,1.167,true
Hyderabad,ride_hailing,1,5938,1.018,true
Hyderabad,ride_hailing,2,5549,0.952,true
Hyderabad,ride_hailing,3,5726,0.982,true
Hyderabad,ride_hailing,4,5732,0.983,true
Hyderabad,ride_hailing,5,5012,0.86,true
Hyderabad,ride_hailing,6,5766,0.989,true
Hyderabad,ride_hailing,7,5858,1.005,true
Hyderabad,ride_hailing,8,5416,0.929,true
Hyderabad,ride_hailing,9,6086,1.044,true
Hyderabad,ride_hailing,10,6477,1.111,true
Hyderabad,ride_hailing,11,6223,1.067,true
Hyderabad,ride_hailing,12,6186,1.061,true
Mumbai,delivery,1,4536,0.885,true
Mumbai,delivery,2,3970,0.775,true
Mumbai,delivery,3,5221,1.019,true
Mumbai,delivery,4,4991,0.974,true
Mumbai,delivery,5,5152,1.006,true
Mumbai,delivery,6,5066,0.989,true
Mumbai,delivery,7,4796,0.936,true
Mumbai,delivery,8,5236,1.022,true
Mumbai,delivery,9,5714,1.115,true
Mumbai,delivery,10,6417,1.253,true
Mumbai,delivery,11,5317,1.038,true
Mumbai,delivery,12,5063,0.988,true
Mumbai,freelance,1,4609,0.981,true
Mumbai,freelance,2,4140,0.881,true
Mumbai,freelance,3,5622,1.196,true
Mumbai,freelance,4,5134,1.092,true
Mumbai,freelance,5,4204,0.894,true
Mumbai,freelance,6,3682,0.783,true
Mumbai,freelance,7,4848,1.031,true
Mumbai,freelance,8,4729,1.006,true
Mumbai,freelance,9,4251,0.904,true
Mumbai,freelance,10,4656,0.991,true
Mumbai,freelance,11,5320,1.132,true
Mumbai,freelance,12,5211,1.109,true
Mumbai,ride_hailing,1,6169,0.917,true
Mumbai,ride_hailing,2,6289,0.935,true
Mumbai,ride_hailing,3,6679,0.993,true
Mumbai,ride_hailing,4,6873,1.022,true
Mumbai,ride_hailing,5,6603,0.981,true
Mumbai,ride_hailing,6,6512,0.968,true
Mumbai,ride_hailing,7,6129,0.911,true
Mumbai,ride_hailing,8,7429,1.104,true
Mumbai,ride_hailing,9,6398,0.951,true
Mumbai,ride_hailing,10,7826,1.163,true
Mumbai,ride_hailing,11,6809,1.012,true
Mumbai,ride_hailing,12,7024,1.044,true
